{
  "features": [
    "direction",
    "htf_trend_30m",
    "htf_trend_1h",
    "htf_trend_4h",
    "zone_aligned",
    "zone_tf_30m",
    "zone_tf_1h",
    "zone_tf_4h",
    "zone_height_atr",
    "touch_depth",
    "touch_n",
    "sweep_wick_atr",
    "sweep_to_choch_bars",
    "choch_impulse_atr",
    "ltf_fvg_size_atr",
    "risk_atr",
    "rr_target",
    "atr",
    "chase_atr",
    "poi_aligned",
    "eq_touches",
    "target_reach",
    "session_asia",
    "session_london",
    "session_ny",
    "hour_sin",
    "hour_cos"
  ],
  "mean": [
    0.03836317135549872,
    0.08439897698209718,
    0.12531969309462915,
    0.15601023017902813,
    0.45524296675191817,
    0.6010230179028133,
    0.289002557544757,
    0.10997442455242967,
    6.344140968573804,
    0.16276220970369257,
    1.3427109974424551,
    0.5361144611748965,
    31.652173913043477,
    3.6128139354569035,
    0.5272406978582387,
    2.274997623113445,
    13.904166123750109,
    1.281607416879795,
    1.6623315310432774,
    0.8337595907928389,
    6.309462915601023,
    0.6275907469221651,
    0.23273657289002558,
    0.3375959079283887,
    0.37851662404092073,
    0.07574841309220427,
    -0.326214121374363
  ],
  "scale": [
    0.9992638625926331,
    0.9964320411771067,
    0.9921164117797205,
    0.987755439407694,
    0.4979927790388431,
    0.4896880127732431,
    0.4532991057539673,
    0.31285787587464,
    5.366407966879595,
    0.20106014250263796,
    0.4746158127100831,
    0.6526358400713226,
    51.0008950237941,
    1.9074535635591843,
    0.7737408764858212,
    1.4595240651496415,
    15.411618451009248,
    1.3320158045742863,
    1.3612948777358793,
    0.3722963007522325,
    7.649875880712884,
    0.446232374751798,
    0.42257574531606923,
    0.47288995641522724,
    0.48501730831547135,
    0.6283186795102023,
    0.7021838519280551
  ],
  "coef": [
    0.4442111223644216,
    -0.032662893172433594,
    -0.1543898017561775,
    -0.0068482416295345214,
    0.1219834664275974,
    0.01130951781051476,
    0.025338752175817297,
    -0.054415024575233624,
    0.28778108187459545,
    -0.14981506033710032,
    -0.08875116368896217,
    -0.4106593654626676,
    -0.4643142793083416,
    -0.01664149454611047,
    -0.13117850881349039,
    -0.43006377855767486,
    -0.19959936169183864,
    -0.32931305859222676,
    0.09368656549255876,
    0.12670003463336,
    -0.12021103202380479,
    0.28506190396428643,
    0.09870743956571573,
    0.16966078833064535,
    0.12828521779982396,
    0.06224475457977359,
    -0.03940934278152699
  ],
  "intercept": 0.004534895082525336
}